id,created_at,updated_at,city_id,opening_hr,closing_hr,delivery_charge,description_en,description_ar,menus_count,reviews_count,branches_count,photos_count,name_en,name_ar
2321452,1267458840,1433432945,2051,600,1560,0,,NULL,1,0,1,0,3al Ahwa Cafe (Closed),عالقهوة كافيه (مغلق)
2321453,1267458840,1477830938,2052,660,1560,0,,NULL,1,8,2,2,Abdo Kofta,عبده كفتة
2321454,1267458840,1471792792,2053,720,1560,0,,NULL,1,0,3,1,Abo Adel,أبو عادل
2321455,1267458840,1480982763,2054,60,1560,0,,,1,26,7,41,Abou El Sid,أبو السيد
2321456,1267458840,1477923371,2055,720,720,0,,NULL,1,0,0,0,Abou Ghaly,ابو غالي
2321457,1267458840,1478714346,2056,660,1560,0,,,1,33,9,23,Abou Shakra,أبو شقرة
2321458,1267458840,1480497940,2057,720,1560,0,,NULL,1,39,3,17,Abo Ammar El Souri,أبو عمار السورى
2321459,1267458840,1477831191,2058,60,1560,0,,,1,36,8,136,Auntie Anne's,أنتي أنز
2321460,1267458840,1470324990,2059,720,720,0,,NULL,2,1,1,0,After Eight,أفتر ايت
2321461,1267458840,1480266348,2060,660,1560,0,,NULL,1,19,1,73,Spago,سباجو
2321462,1267458840,1445870077,2061,720,1560,0,"Since its debut in the Egyptian market 8 years ago, Amer’s Alain Le Notre chain has established a solid reputation for quality and elegance. With 10 strategically located branches throughout the country, Alain Le Notre is a favorite gathering place for Egypt’s elite.",,1,1,6,12,Alain Le Notre (Closed),ألان لو نوتر(مغلق)
2321463,1267458840,1379601780,2062,60,1560,0,,NULL,1,0,1,0,Alto's Bistro (Closed),التوز بيسترو ( مغلق)
2321464,1267458840,1470839218,2063,660,1560,0,,,2,3,1,0,Andrea Maadi,أندريا المعادى
2321465,1267458840,1396705560,2064,660,1560,0,,NULL,1,0,1,0,Aqua (Closed),أكوا ( مغلق)
2321466,1267458840,1478428172,2065,720,1560,0,,,1,47,12,58,Arabiata El Shabrawy,أرابياتا الشبراوى
2321467,1267458840,1445873918,2066,60,1560,0,,NULL,1,2,1,0,Arabica (Closed),أرابيكا (مغلق)
2321468,1267458840,1475078943,2067,720,720,0,,تعد سلسله مطاعم ارزاق الكوثر من اقوى مطاعم الطعام الشرقى فى مصر، حيث تدمج مابين اصاله الطعام الشرقى كالفول و الفلافل و الكشرى و بين الوجبات السريعه و سندوتشات اللحوم و الدجاج الشهيه. نتميز بوجود روح العائله بمطاعمنا و توافر كل ما يلائم اى ذوق من اذواق عملائنا اللذين هم اهم ما لدينا,1,7,2,5,Arzak Al Qawther,أرزاق الكوثر
2321469,1267458840,1477927193,2068,660,1560,0,,,3,24,6,80,Asian Corner,الركن الاسيوي
2321470,1267458840,1480597488,2069,720,1560,0,,NULL,1,5,1,0,Ataturk,أتاتورك
2321471,1267458840,1479205964,2070,60,1560,0,,NULL,1,13,13,49,Beano's Cafe,كافيه بينوس
2321472,1267458840,1480936024,2071,660,1560,0,,NULL,1,0,1,10,Bella,بيلا
2321473,1267458840,1471175789,2072,720,1560,0,,NULL,1,1,1,0,Bert's Cafe,بيرتس كافيه
2321474,1267458840,1471177655,2073,60,1560,0,,NULL,3,0,1,0,Beymen Cafe,بايمن كافيه
2321475,1267458840,1478687264,2074,660,1560,0,,,2,67,4,43,Bistro,بيسترو
2321476,1267458840,1472986376,2075,720,1560,0,,NULL,1,1,2,0,Bistro Rouge,بيسترو روج
2321477,1267458840,1476794069,2076,60,1560,0,,NULL,1,14,2,31,Bob Sushi,بوب سوشى
2321478,1267458840,1472986445,2077,660,1560,0,,,1,24,5,10,Bon Appetit,بون ابيتي
2321479,1267458840,1472733715,2078,660,1560,0,,NULL,1,0,1,0,Branzino,برانزينو
2321480,1267458840,1478785817,2079,720,1560,0,,,1,114,12,105,Buffalo Burger,بافلو برجر
2321481,1267458840,1476959914,2080,60,1560,0,,,1,25,3,24,Burger Joint,برجر جوينت
2321482,1267458840,1477998507,2081,720,720,0,,,1,47,19,70,Burger King,برجر كينج
2321483,1267458840,1396483680,2082,660,1560,0,,NULL,1,4,1,0,Cafe Mo (Closed),كافيه مو ( مغلق)
2321484,1267458840,1471252391,2083,720,1560,0,,NULL,1,2,1,27,Cafe Tabasco,كافيه تاباسكو
2321485,1267458840,1477231404,2084,60,1560,0,,NULL,1,2,1,0,Cairo Jazz Club,كايرو جاز كلوب
2321486,1267458840,1472122023,2085,660,1560,0,,,1,13,1,8,Nawab,نواب
2321487,1267458840,1479371129,2086,720,1560,0,Check Out Our ALL NEW and Revamped Delivery Menu,,2,37,5,168,Casper & Gambini's,كاسبر اند جامبينيز
2321488,1267458840,1441740526,2087,60,1560,0,,NULL,1,0,1,0,Chez Martine (Closed),شي مارتين (مغلق)
2321489,1267458840,1478615501,2088,720,720,0,,,1,41,13,34,Chicken Tikka,دجاج تكا
2321490,1267458840,1478610480,2089,660,1560,0,,,1,94,14,326,Chili's,تشيليز
2321491,1267458840,1455461526,2090,720,1560,0,,NULL,1,0,1,2,Chopsticks (Closed),شوبستيكس (مغلق)
2321492,1267458840,1400414557,2091,60,1560,0,,NULL,1,0,2,0,Ciccio (Closed),تشيشكو ( مغلق)
2321493,1267458840,1399560376,2092,660,1560,0,,NULL,1,0,1,0,Lindo (Closed),ليندو ( مغلق)
2321494,1267458840,1479028549,2093,660,1560,0,,,1,37,29,24,Cilantro,سيلانترو
2321495,1267458840,1478516803,2094,720,1560,0,,,1,43,14,192,Cinnabon Bakery Cafe,سينابون بيكرى كافيه
2321496,1267458840,1478882480,2095,60,1560,0,,,2,17,6,26,Coffeeshop Company,كوفى شوب كومبانى
2321497,1267458840,1445439209,2096,660,1560,0,,NULL,1,0,1,0,Condetti (Closed),كونديتي (مغلق)
2321498,1267458840,1480324803,2097,720,1560,0,,,1,89,39,63,Cook Door,كوك دور
2321499,1267458840,1479107770,2098,60,1560,0,,,1,39,8,64,Cortigiano,كورتيجيانو
2321500,1267458840,1476789109,2099,720,720,0,,NULL,1,7,1,1,Da Franco,دا فرانكو
2321501,1267458840,1474541511,2100,660,1620,0,,,1,19,2,21,Didos Al Dente,ديدوس أل دنتي
2321502,1267458840,1479372829,2101,720,1620,0,,,1,62,16,83,Domino's Pizza,دومينوز بيتزا
2321503,1267458840,1475144626,2102,60,1620,0,,NULL,1,8,1,2,Dragon House,
2321504,1267458840,1464612514,2103,720,1620,0,,NULL,1,1,1,0,Dunes Lounge(  closed),ديونز لاونج(مغلق)
2321505,1267458840,1472116970,2104,660,1620,0,,NULL,1,0,1,3,Dusit Gourmet,دوسيت جورمت
2321506,1267458840,1477302998,2105,720,1620,0,,NULL,1,1,1,2,Egyptian Nights,ايجيبشن نايتس
2321507,1267458840,1478509783,2106,60,1620,0,,NULL,1,5,4,10,Einstein Kaffee,أينشتاين كافيه
2321508,1267458840,1480428395,2107,660,1620,0,,NULL,1,29,3,10,El Dawar,الدوار
2321509,1267458840,1476264237,2108,660,1620,0,,,1,6,5,3,El Omda,العمدة
2321510,1267458840,1471267357,2109,720,1620,0,,NULL,1,4,1,1,El Shader,الشادر
2321511,1267458840,1476961232,2110,60,1620,0,,مطعم الست حسنية يقدم الأكل المصري الأصيل المتميز الذي يفرقنا عن العالم بطريقة تجعلنا نفخر إن نحن مصريين!!,1,7,3,3,El Sit Hosneya,الست حسنية
2321512,1267458840,1424864239,2111,660,1620,0,,NULL,1,1,2,0,Estacoza Seafood (Closed),اسماك أستاكوزا (مغلق)
2321513,1267458840,1380494280,2112,720,1620,0,,NULL,1,0,1,0,Ethos Cafe (Closed),ايثوز كافيه ( مغلق)
2321514,1267458840,1480585588,2113,60,1620,0,,NULL,1,7,1,16,Euro Deli,يورو ديلى
2321515,1267458840,1477904013,2114,720,1620,0,,NULL,1,3,3,1,Fattoush,فتوش
2321516,1267458840,1430743724,2115,600,1560,0,,NULL,1,0,1,0,Five Stars (Closed),فايف ستارز (مغلق)
2321517,1267458840,1472383880,2116,660,1560,0,,NULL,1,0,1,0,Flamenco Cafe,فلامنكو كافيه
2321518,1267458840,1476789791,2117,720,1560,0,,NULL,1,1,1,0,Flying Fish,فلاينج فيش
2321519,1267458840,1478780271,2118,60,1560,0,,,1,65,5,152,Fuddruckers,فدركرز
2321520,1267458840,1479026051,2119,720,720,0,,,2,49,3,151,Fuego,فويجو
2321521,1267458840,1479993880,2120,660,1560,0,,NULL,1,48,15,4,GAD,جاد
2321522,1267458840,1477831289,2121,720,1560,0,,,1,16,4,1,Gandofli,جندوفلى
2321523,1267458840,1472383545,2122,60,1560,0,,NULL,1,1,1,1,Garden Promenade Cafe,جاردن بروميناد كافيه
2321524,1267458840,1471819045,2123,720,720,0,,NULL,1,5,1,18,Gaya Restaurant,مطعم جايا
2321525,1267458840,1333687380,2124,660,1560,0,,NULL,0,1,1,0,Green Mill (closed),جرين ميل ( مغلق)
2321526,1267458840,1480841087,2125,720,1560,0,,NULL,1,3,2,8,Halaket El Samak,حلقة السمك
2321527,1267458840,1394584800,2126,60,1560,0,,NULL,1,0,1,0,Hanami Sushi (Closed),هنامي سوشي (مغلق)
2321528,1267458840,1479294008,2127,660,1560,0,,,1,84,28,88,Hardee's,هارديز
2321529,1267458840,1477477136,2128,660,1560,0,,NULL,1,0,1,0,Harry's Pub,هاريز بوب
2321530,1267458840,1394584860,2129,720,1560,0,,NULL,1,0,3,0,Herfy's (closed),هيرفيز ( مغلق)
2321531,1267458840,1383480360,2130,60,1560,0,,NULL,1,0,1,0,Hubbly Bubbly Cafe (Closed),هبلي بابلي كافيه (مغلق)
2321532,1267458840,1379600940,2131,720,720,0,,NULL,0,0,1,0,First Indigo (Closed),فيرست انديجو (مغلق)
2321533,1267458840,1479109650,2132,660,1560,0,,NULL,2,20,1,18,Indira,أنديرا
2321534,1267458840,1471256501,2133,720,1560,0,,NULL,1,4,2,0,Jeita,جعيتا
2321535,1267458840,1472983603,2134,60,1560,0,,NULL,1,3,1,3,Jo Sushi,جو سوشى
2321536,1267458840,1480337908,2135,660,1560,0,,,2,28,2,69,Johnny Carino's,جونى كارينوز
2321537,1267458840,1478790060,2136,720,1560,0,,NULL,2,1,1,8,JW's Steakhouse,جيه دبليو ستيك هاوس
2321538,1267458840,1472986583,2137,60,1560,0,,NULL,1,1,1,0,Kan Zaman,كان زمان
2321539,1267458840,1471257056,2138,660,1560,0,,NULL,1,1,1,1,Karen's Coffee,كارنز كوفى
2321540,1267458840,1478439819,2139,720,1560,0,,NULL,1,3,1,6,Kastan,كاستن
2321541,1267458840,1479112601,2140,60,1560,0,,,1,127,72,61,KFC,دجاج كنتاكى
2321542,1267458840,1480949110,2141,660,1560,0,,NULL,1,3,1,3,Queen,كوين
2321543,1267458840,1475588360,2142,660,1560,0,,,2,30,2,41,Lucille's,لوسيلز
2321544,1267458840,1479371670,2143,720,1560,0,,NULL,2,0,1,0,La Bodega(Closed),لا بوديجا(مغلق)
2321545,1267458840,1477384479,2144,60,1560,0,,NULL,1,38,3,13,La Casetta,لاكازيتا
2321546,1267458840,1472559289,2145,720,720,0,,,2,3,1,64,La Gourmandise,لا جورمانديز
2321547,1267458840,1477995252,2146,660,1560,0,,NULL,1,9,1,8,La Rosa,لاروزا
2321548,1267458840,1420554034,2147,720,1560,0,,NULL,1,0,1,0,La Taverna (Closed),لا تافرنا (مغلق)
2321549,1267458840,1404138588,2148,60,1560,0,,NULL,0,0,1,0,La Terrasse (Closed),لا تراس
2321550,1267458840,1478424869,2149,660,1560,0,,NULL,1,4,2,0,Le Caire 1940,القاهرة 1940
2321551,1267458840,1480331389,2150,720,1560,0,,NULL,1,0,1,0,Le Deck,لو ديك
2321552,1267458840,1479981340,2151,60,1560,0,,,1,2,1,19,Le Pacha,لو باشا
2321553,1267458840,1472118810,2152,720,720,0,,NULL,0,2,1,2,Le Steak,لو ستيك
2321554,1267458840,1476264360,2153,660,1560,0,,NULL,1,0,1,0,Little Italy,ليتل ايتالي
2321555,1267458840,1462450611,2154,720,1560,0,,NULL,1,6,1,25,Little Swiss( closed),ليتل سويس )مغلق(
2321556,1267458840,1472986637,2155,60,1560,0,,NULL,1,2,1,1,Maestro,مايسترو
2321557,1267458840,1475407041,2156,660,1560,0,,NULL,1,9,1,17,Maharaja & Zenzen,مهراجا & زنزن
2321558,1267458840,1472458901,2157,660,1560,0,,NULL,1,63,6,38,Maison Thomas,ميزون توماس
2321559,1267458840,1417716145,2158,720,1560,0,,NULL,0,0,8,0,Makani Deli (Duplicate),مكانى ديلى (مكرر)
2321560,1267458840,1415011100,2159,60,1560,0,,NULL,1,1,4,0,Mangiamo (Closed),مانجيامو (مغلق)
2321561,1267458840,1480866585,2160,660,1560,0,,,2,39,5,14,Man'oucheh,منقوشة
2321562,1267458840,1379597460,2161,720,1560,0,,NULL,0,0,1,0,Maroush Lounge,مروش لاونج
2321563,1267458840,1333696260,2162,60,1560,0,,NULL,0,0,1,0,Mashrabia (closed),مشربية ( مغلق)
2321564,1267458840,1472383655,2163,720,720,0,,NULL,1,7,1,0,Massala,ماسالا
2321565,1267458840,1379596680,2164,660,1620,0,,NULL,0,0,1,0,Mawaweel (Closed),مواويل ( مغلق)
2321566,1267458840,1333602060,2165,720,1620,0,,NULL,0,0,1,0,Max's Restaurant (closed),مطعم ماكسز ( مغلق)
2321567,1267458840,1480853398,2166,60,1620,0,,,1,116,51,225,McDonald's,ماكدونالدز
2321568,1267458840,1478071658,2167,720,1620,4,,NULL,1,5,2,5,Mega Sandwiches,ميجا ساندويتش
2321569,1267458840,1472388813,2168,660,1620,0,,NULL,1,13,3,4,Mercato Italiano,ميركاتو ايطاليانو
2321570,1267458840,1420554144,2169,720,1620,0,,NULL,1,1,1,0,Mezzaluna (Closed),ميزالونا (مغلق)
2321571,1267458840,1477223745,2170,60,1620,0,,NULL,1,1,1,32,Mojo Lounge & Grill,موجو لاونج اند جريل
2321572,1267458840,1480585255,2171,660,1620,0,,,1,27,29,17,Momen,مؤمن
2321573,1267458840,1388158620,2172,660,1620,0,,NULL,1,0,1,0,Tia Maria (closed),تيا ماريا ( مغلق)
2321574,1267458840,1478427875,2173,720,1620,0,,,3,63,11,323,Mori Sushi & Grill,مورى سوشى اند جريل
2321575,1267458840,1458119643,2174,60,1620,0,,NULL,1,0,1,0,Mosaic(closed),موزايك)مغلق)
2321576,1267458840,1479124237,2175,660,1620,0,,,1,27,4,16,My Queen,ماي كوين
2321577,1267458840,1478708254,2176,720,1620,0,,NULL,1,4,1,0,Nile Bukhara,نايل بوخارا
2321578,1267458840,1472033735,2177,60,1620,0,,NULL,1,3,1,0,Nile Fish,اسماك النيل
2321579,1267458840,1469534386,2178,720,1620,0,,NULL,0,0,1,0,Nile Peking (Closed),نايل بكين
2321580,1267458840,1472373209,2179,600,1560,0,,NULL,1,0,1,0,No Big Deal,نو بيج ديل
2321581,1267458840,1333697580,2180,660,1560,0,,NULL,0,0,1,0,Oasis Bar (closed),أواسيس بار ( مغلق)
2321582,1267458840,1480841714,2181,720,1560,0,,NULL,2,4,1,12,Orangette,أورانجيت
2321583,1267458840,1351371120,2182,60,1560,0,,NULL,0,0,1,0,Oro Cafe (Closed),كافيه أورو ( مغلق)
2321584,1267458840,1442158882,2183,720,720,0,,NULL,1,1,1,0,Outback Steakhouse (Closed),أوت باك ستيك هاوس (مغلق)
2321585,1267458840,1478428015,2184,660,1560,0,,NULL,1,109,23,136,Papa John's Pizza,بيتزا بابا جونز
2321586,1267458840,1471263872,2185,720,1560,0,,NULL,1,0,1,1,Papillon,بابيون
2321587,1267458840,1472383508,2186,60,1560,0,,NULL,1,0,1,0,Paprika,بابريكا
2321588,1267458840,1477920912,2187,720,720,0,,NULL,3,1,3,3,Pasqua Cafe,باسكوا كافيه
2321589,1267458840,1478601589,2188,660,1560,0,,,1,72,7,36,Peking,بكين
2321590,1267458840,1457477749,2189,720,1560,0,,NULL,1,0,1,0,Philly Pan (Closed),فيلى بان (مغلق)
2321591,1267458840,1453047625,2190,60,1560,0,,NULL,1,2,1,2,Peppes Pizza (Closed),بيتزا بيبيس (مغلق)
2321592,1267458840,1479740734,2191,660,1560,0,,,1,94,38,219,Pizza Hut,بيتزا هت
2321593,1267458840,1478779391,2192,660,1560,0,,,1,28,17,15,Pizza King,بيتزا كينج
2321594,1267458840,1394584140,2193,720,1560,0,,NULL,1,0,1,0,Pizza Rito (Closed),بيتزا ريتو ( مغلق)
2321595,1267458840,1379604660,2194,60,1560,0,,NULL,0,0,1,0,Pizza Station (Closed),بيتزا ستيشن ( مغلق)
2321596,1267458840,1479897219,2195,720,720,0,,,1,18,8,60,Pottery Cafe,بوتري كافيه
2321597,1267458840,1479716428,2196,660,1560,0,,ألذ طعم مشوي على الفحم النباتي - نقدم لك من أفضل أنواع الرز البسمتي في العالم - الدجاج طازج من مزارعنا - جرب بنفسك و اكتشف الطعم الرائع,1,31,17,43,Prego,بريجو
2321598,1267458840,1470920756,2197,720,1560,0,,NULL,1,3,1,3,Villa 55,فيلا 55
2321599,1267458840,1379604360,2198,60,1560,0,,NULL,0,0,1,0,Pullman Bar (Closed),بولمان بار (مغلق)
2321600,1267458840,1476789489,2199,660,1560,0,,NULL,1,3,1,6,Raoucha & Kandahar,روشه و كندهار
2321601,1267458840,1426510831,2200,720,1560,0,,NULL,1,1,1,0,Raspberry (Closed),راسبيري (مغلق)
2321602,1267458840,1478071809,2201,60,1560,0,,NULL,1,2,2,0,Retro,ريترو
2321603,1267458840,1478710083,2202,660,1560,0,,NULL,1,4,5,23,Rigoletto,ريجوليتو
2321604,1267458840,1479995714,2203,720,1560,0,,NULL,1,0,1,15,Ristorante Tuscany,ريستورانت توسكانى
2321605,1267458840,1480785464,2204,60,1560,0,,NULL,2,42,4,52,Roastery,روسترى
2321606,1267458840,1478786595,2205,660,1560,0,,,1,26,7,22,Roma Pizza 2 Go,روما بيتزا تو جو
2321607,1267458840,1476089884,2206,660,1560,0,,NULL,1,4,1,37,Romano's Macaroni Grill,رومانو مكارونى جريل
2321608,1267458840,1476265751,2207,720,1560,0,,NULL,1,2,1,6,Roy's Country Kitchen,روي كنترى كيتشن
2321609,1267458840,1479642152,2208,60,1560,0,,,1,20,2,73,Ruby Tuesday,روبى تيوزداى
2321610,1267458840,1423045650,2209,720,720,0,,NULL,1,0,1,0,Thai Elephant (Closed),تاى ايليفانت (مغلق)
2321611,1267458840,1477996591,2210,660,1560,0,,NULL,1,2,1,0,Safaris Club,سفاريس كلوب
2321612,1267458840,1480550313,2211,720,1560,0,,NULL,1,14,1,34,Sakura Sushi,ساكورا سوشى
2321613,1267458840,1480204475,2212,60,1560,0,,NULL,1,0,1,5,Saraya Gallery,سرايا كافيه
2321614,1267458840,1474972524,2213,660,1560,0,,,1,46,5,87,Sbarro,سبارو
2321615,1267458840,1472740789,2214,720,1560,0,,NULL,1,2,1,5,Schatz,تشاتز
2321616,1267458840,1476032588,2215,60,1560,0,,,1,30,2,26,Semsema,سمسمة
2321617,1267458840,1479029089,2216,720,720,0,,,2,17,1,103,Sequoia,سيكويا
2321618,1267458840,1348731240,2217,660,1560,0,,NULL,0,0,1,0,Shanghai Family Chinese Restaurant,مطعم شنغهاي فاميلى الصيني
2321619,1267458840,1474186569,2218,720,1560,0,,NULL,1,14,3,1,Shawermer,شاورمر
2321620,1267458840,1380476160,2219,60,1560,0,,NULL,1,0,1,0,Sheboya (Closed),شيبويا ( مغلق)
2321621,1267458840,1476266083,2220,660,1560,0,,NULL,1,0,2,2,Sidi Mansour,سيدى منصور
2321622,1267458840,1479998329,2221,660,1560,0,,,1,27,6,21,Smiley's Grill,سمايلز جريل
2321623,1267458840,1478427641,2222,720,1560,0,,,1,125,24,408,Spectra,سبكترا
2321624,1267458840,1479108009,2223,60,1560,0,,,1,49,7,67,Steak Out,ستيك أوت
2321625,1267458840,1478610600,2224,660,1560,0,,تضـم مطاعم ستوديو مصر تشكـيلة رائعـة من المشاوي والأطباق الشرقية الأصيلة. وقد صمم المطعم على طراز الأفلام المصرية القديمة ليعكس بذلك جو عائلي دافئ. و يعتبر مطعـم مشـاوي ستوديو مصر أحد أهم مطاعم مجموعة عامر جروب، المجمـوعة الدوليـة التي تمتـلك العـديد من المطاعم والمنتجعات العالمية.,1,30,7,18,Studio Masr,ستوديو مصر
2321626,1267458840,1479206056,2225,720,1560,0,,,1,19,6,35,Subway,صب واى
2321627,1267458840,1476265003,2226,60,1560,0,,NULL,1,47,7,109,TGI Friday's,تى جى أى فرايدايز
2321628,1267458840,1479388382,2227,720,720,0,,,1,9,3,46,Taboula,تبولة
2321629,1267458840,1479730809,2228,660,1620,0,,NULL,1,9,4,5,Tacobee,تاكوبى
2321630,1267458840,1398969900,2229,720,1620,0,,NULL,1,0,1,0,Taouk Express (Closed),طاووق اكسبريس ( مغلق)
2321631,1267458840,1476033414,2230,60,1620,0,,NULL,1,2,1,0,Tartine,تارتين
2321632,1267458840,1480247204,2231,720,1620,0,,تيبيستى (فطائر-بيتزا-معجنات) طعم لايقاوم من الفطائر الشرقى حلو وحادق والبيتزا والمكرونات المكونه من اجود الخامات بافضل الطرق والمذاق المختلف,1,22,2,14,Tebesty,تيبستى
2321633,1267458840,1477303239,2232,660,1620,0,,NULL,1,3,8,3,The Bakery (Closed),ذا بيكرى (مغلق)
2321634,1267458840,1374271860,2233,720,1620,0,,NULL,1,1,4,0,The Burger Kitchen (Closed),ذا برجر كيتشن ( مغلق)
2321635,1267458840,1478876603,2234,60,1620,0,,سلسلة مطاعم توم اند بصل للكشري والفطائر والبيتزا الشرقي,1,37,10,6,Tom and Basal,توم اند بصل
2321636,1267458840,1473081894,2235,660,1620,0,,NULL,1,1,1,3,Torii,تورى
2321637,1267458840,1379604240,2236,660,1620,0,,NULL,0,0,1,0,Tornado,تورنادو
2321638,1267458840,1476191413,2237,720,1620,0,,,1,9,2,15,Tres Bon,ترى بون
2321639,1267458840,1479221655,2238,60,1620,5,,,1,2,5,22,Trianon,تريانون
2321640,1267458840,1472562630,2239,660,1620,0,,NULL,1,0,1,0,Pub 55,بوب 55
2321641,1267458840,1474885803,2240,720,1620,0,,NULL,1,10,1,4,Vittorio's,فيتوريوز
2321642,1267458840,1426510311,2241,60,1620,0,,NULL,1,0,1,2,Wabi Sabi (Closed),وابى سابى (مغلق)
2321643,1267458840,1383479880,2242,720,1620,0,,NULL,1,1,5,0,Wessaya (Closed),وصايا (مغلق)
2321644,1267458840,1474467515,2243,600,1560,0,,NULL,2,2,1,11,Zitouni,زيتونى
2321645,1267458840,1477228046,2244,660,1560,0,,,1,12,2,23,Zo Asian Restaurant,مطعم زو الاسيوي
2321646,1293863880,1472035425,2245,720,1560,0,,NULL,1,1,1,0,Gaya Sushi,جايا سوشى
2321647,1308268260,1472990499,2246,60,1560,0,,NULL,1,0,2,0,ZenZen,زنزن
2321648,1298537100,1415010865,2247,720,720,0,,NULL,1,0,1,0,Chicken Stop (Closed),تشيكن ستوب (مغلق)
2321649,1303480560,1477214775,2248,660,1560,0,,NULL,1,5,1,0,Chunky's,تشانكيز
2321650,1307738520,1333599840,2249,720,1560,0,,NULL,0,0,1,0,Kasablanka (closed),كازابلانكا ( مغلق)
2321651,1298535660,1480507307,2250,60,1560,0,,NULL,1,10,4,5,Pizza Master,بيتزا ماستر
2321652,1293943140,1426510145,2251,720,720,0,,NULL,1,0,1,0,Portobello (Closed),بورتوبللو (مغلق)
2321653,1293863880,1478708165,2252,660,1560,0,,NULL,1,6,3,4,Hadramout & Sammar,حضرموت و السمار
2321654,1293863880,1471944526,2253,720,1560,0,,NULL,1,5,1,1,Jared's Bagels,جاريدز بيجل
2321655,1293943140,1394584020,2254,60,1560,0,,NULL,1,1,1,0,O Sushi (closed),أو سوشى ( مغلق)
2321656,1293867480,1472033197,2255,660,1560,0,,NULL,1,9,1,7,Lan Yuan,لان يوان
2321657,1298535660,1382231100,2256,660,1560,0,,NULL,1,0,1,0,Sushi Cafe (Closed),سوشى كافيه ( مغلق)
2321658,1298535660,1399559759,2257,720,1560,0,,NULL,1,0,1,0,The Noodle House (Closed),ذا نودل هاوس ( مغلق)
2321659,1298533380,1479122464,2258,60,1560,0,,,2,16,6,134,Makani Sushi & Deli,مكانى سوشى اند ديلى
2321660,1308698400,1420549129,2259,720,720,0,,NULL,1,0,1,0,Waffleat (Closed),وافل ايت (مفلق)
2321661,1303923060,1422291052,2260,660,1560,0,,NULL,1,0,1,0,Salidas (Closed),ساليداس  (مغلق)
2321662,1303933860,1399559838,2261,720,1560,0,,NULL,1,0,1,0,Waffles n' Shakes (Closed),وافلز اند شايكس (مغلق)
2321663,1304265240,1410078195,2262,60,1560,0,,NULL,1,1,1,0,Cocoon (Closed),كوكون
2321664,1304481480,1470609302,2263,660,1560,0,,,1,9,3,22,Golio's,جوليوز
2321665,1304483340,1394591640,2264,720,1560,0,,NULL,1,0,1,0,Tonino (Closed),تونينو ( مغلق)
2321666,1304863560,1382231880,2265,60,1560,0,,NULL,1,0,1,0,Mustakis (Closed),موستاكيس (مغلق)
2321667,1304899680,1479202272,2266,660,1560,0,,,1,60,12,196,TBS The Bakery Shop,تى بى اس ذا بيكرى شوب
2321668,1304900520,1477997461,2267,720,1560,0,,NULL,1,1,1,5,Petit Palmyra,بيتيت بالميرا
2321669,1304901360,1459109866,2268,60,1560,0,,NULL,1,0,1,0,Chinese Lounge,تشاينيز لاونج
2321670,1304902680,1480505695,2269,660,1560,0,Come celebrate Ramadan with our specialty dishes and drinks followed by our heavenly homemade desserts in a great ambience with friendly people.,,1,11,2,52,Chez Edy,شيه ايدى
2321671,1304904960,1442938108,2270,660,1560,0,,NULL,1,0,1,2,Cinnzeo (Closed),سينزيو (مغلق)
2321672,1305288480,1478710516,2271,720,1560,0,,NULL,1,2,1,16,Munchies,مانشيز
2321673,1305289440,1333600500,2272,60,1560,0,,NULL,0,0,1,0,Wagamama (closed),واجاماما ( مغلق)
2321674,1305568140,1476034866,2273,720,720,0,,NULL,1,0,1,27,Omar's Cafe,عمر كافيه
2321675,1305618660,1409055720,2274,660,1560,0,,NULL,1,1,1,0,Kasr El Shouk (Closed),قصر الشوق
2321676,1305636120,1446995259,2275,720,1560,0,,NULL,1,0,1,0,Essence (Closed),ايسنس (مغلق)
2321677,1305636720,1480513843,2276,60,1560,0,,NULL,1,5,1,0,Munch and Bagel,مانش اند بيجل
2321678,1306543320,1410908156,2277,660,1560,0,,NULL,1,0,1,0,Kiwi (Closed),كيوى  (مفلق)
2321679,1306548900,1472115766,2278,720,1560,0,,NULL,1,0,1,0,Prosperos,بروسبيروس
2321680,1308066360,1472992004,2279,60,1560,0,,NULL,1,3,1,5,Osmanly,عثمانلى
2321681,1308067200,1472559105,2280,720,720,0,,NULL,2,0,1,0,Chocolate Lounge,شوكوليت لاونج
2321682,1308069360,1442406957,2281,660,1560,0,,NULL,1,0,1,0,Shishawy (Closed),شيشاوى (مغلق)
2321683,1308450840,1476108286,2282,720,1560,0,,NULL,1,1,1,0,Blue Rose Bar,بلو روز بار
2321684,1308454680,1477225194,2283,60,1560,0,,NULL,1,5,1,4,Ruen Thai,روين تاي
2321685,1308455220,1471941820,2284,660,1560,0,,NULL,1,0,1,0,Garden Grill,جاردن جريل
2321686,1308456240,1472046423,2285,660,1560,0,,NULL,1,0,1,0,Pool Sala,بول سالا
2321687,1308696240,1479638281,2286,720,1560,0,,,1,12,3,59,Bread Basket,بريد باسكت
2321688,1309364580,1479371613,2287,60,1560,0,,,1,51,8,331,NOLA Cupcakes,نولا كب كيكس
2321689,1309365240,1478072281,2288,660,1560,0,,NULL,1,1,1,0,Bocelli Cafe & Restaurant,مطعم و كافيه بوتشيلي
2321690,1309366080,1426510235,2289,720,1560,0,,NULL,1,1,1,0,Allez Manger (Closed),أليه مونجى (مغلق)
2321691,1309367160,1480506308,2290,60,1560,0,,,1,14,9,105,Tortina,تورتينا
2321692,1309923960,1394583660,2291,720,720,0,,NULL,1,3,1,0,Big Boys Burger (Closed),بيج بويز برجر ( مغلق)
2321693,1309972680,1474291885,2292,660,1620,0,,NULL,1,6,1,4,El Chico,ال شيكو
2321694,1310141880,1453047554,2293,720,1620,0,,NULL,1,2,1,1,Ayam Zaman (Closed),أيام زمان (مغلق)
2321695,1310142120,1422979876,2294,60,1620,0,,NULL,1,1,1,0,Al Noukhaza (Closed),النوخازة (مغلق)
2321696,1310145840,1458754495,2295,720,1620,0,,NULL,1,1,1,1,Akl beety,أكل بيتى
2321697,1310761620,1457263645,2296,660,1620,0,,نموذج فريد ومتميز من مطاعم الوجبات السريعة فى مصر,1,6,7,0,Basmatio Chicken(closed),(مغلق)دجاج بسمتيو
2321698,1310766780,1344501000,2297,720,1620,0,,NULL,1,1,1,0,Sofra (closed),سفرة ( مغلق)
2321699,1310906700,1472372758,2298,60,1620,0,,,1,4,2,19,Crumbs,كرامبز
2321700,1311100200,1374682320,2299,660,1620,0,,NULL,1,0,1,0,Winner Cafe & Restaurant  (Closed),مطعم و كافيه وينر (مغلق)
2321701,1311362340,1472558531,2300,660,1620,0,,NULL,1,0,1,8,Cookies 'N More,كوكيز اند مور
2321702,1311427680,1343456100,2301,720,1620,0,,NULL,0,0,1,0,MENU (Closed),منيو ( مغلق)
2321703,1311599640,1398969900,2302,60,1620,0,,NULL,1,0,1,0,Let's Burger (Closed),ليتس برجر ( مغلق)
2321704,1311645960,1341134040,2303,660,1620,0,,NULL,0,0,1,0,Waffle Stop (Closed),وافل ستوب ( مغلق)
2321705,1311768840,1402582893,2304,720,1620,0,"WIF: Kitchen & Lounge is bringing the popular cult of crunchy Buffalo wings to Cairo and is expected to rapidly gather popularity and become a local favorite for its crispy, juicy, yet non-greasy buffalo wings with an astounding selection of signature home-made sauces. 

WIF also offers an additional menu featuring everything from salads to appetizers to variety of specialty home-made burgers & desserts. WIF’s core taste comes from a specially made marinating sauce that is glazed, piece by piece, on the wings before serving, so that it brings out the full delicious flavor, while enjoying the laid back lounge setting, designed for your comfort, amongst our up-dated music & interactive social media LCD screens all carefully positioned to keep you in the loop.",NULL,1,4,1,0,Wings in Flavors (WIF) (Closed),وينجز ان فلافورز ( مغلق)
2321706,1312024200,1372599480,2305,60,1620,0,,NULL,1,0,3,0,Maybe Two (Closed),ماي بي تو ( مغلق)
2321707,1312029720,1419428195,2306,720,1620,0,,NULL,1,0,1,0,Pasta La Vista (Closed),باستا لا فيستا (مفلق)
2321708,1312031220,1472718377,2307,600,1560,3,,NULL,1,0,1,0,Baraka,بركة
2321709,1312038060,1389285060,2308,660,1560,0,,NULL,0,0,1,0,Booster's (Closed),بوسترز ( مغلق)
2321710,1312201140,1394583780,2309,720,1560,0,,NULL,1,0,1,0,Zuk Sandwiches (Closed),زوك ساندويتش (مغلق)
2321711,1312378800,1394583780,2310,60,1560,0,,NULL,1,0,1,0,Toscanini (Closed),توسكانينى ( مغلق)
2321712,1312379520,1478424240,2311,720,720,0,,,1,41,5,18,Diet House(closed),دايت هاوس(مغلق)
2321713,1312382580,1479897622,2312,660,1560,0,,,3,9,6,53,Brioche Doree,بريوش دوريه
2321714,1313091300,1394583840,2313,720,1560,0,,NULL,1,0,1,0,Akl Beety Catering,أكل بيتى كاترينج
2321715,1313094300,1477998691,2314,60,1560,0,,NULL,1,1,1,0,Alfawaz,الفواز
2321716,1313094600,1422291173,2315,720,720,0,,NULL,1,1,1,0,Zeera (Closed),زيرا (مغلق)
2321717,1313094780,1457536131,2316,660,1560,0,,NULL,1,0,1,0,Dutchess( closed),داتشس)مغلق(
2321718,1313096280,1480772492,2317,720,1560,0,,NULL,1,15,7,17,El Tabei El Domyati,التابعى الدمياطى
2321719,1313096880,1420555729,2318,60,1560,0,,NULL,1,0,1,0,Laguna Lounge Restaurant (Closed),لاجونة لاونج (مغلق)
2321720,1314790440,1379603400,2319,660,1560,0,,NULL,1,0,1,0,Tagine First Mall (Ramadan),طاجين (رمضان)
2321721,1314908400,1333601700,2320,660,1560,0,,NULL,0,0,1,0,Faraya (ramadan),فرايا ( رمضان)
2321722,1314935580,1314937560,2321,720,1560,0,,NULL,1,0,1,0,3anil Ramadan Tent,عنيل خيمة رمضانية
2321723,1314937800,1379603340,2322,60,1560,0,,NULL,0,0,1,0,Charleston Restaurant (Closed),مطعم تشارلستون ( مغلق)
2321724,1314948060,1473080349,2323,720,720,0,,NULL,1,0,1,0,The Blue,ذي بلو
2321725,1315027020,1333601220,2324,660,1560,0,,NULL,0,0,1,0,Cashmere (ramadan),كاشمير ( رمضان)
2321726,1315037460,1394583900,2325,720,1560,0,,NULL,0,0,1,0,Tofa7a (ramadan),تفاحة ( رمضان)
2321727,1315057140,1443993495,2326,60,1560,0,DarGdodnah Restaurant First Time In Egypt The Taste Of Old Days. Wood-Fired Rotisserie Arabian Food,دار جدودنا مذاق زمان صار له مكان :لآول مره فى مصر جميع الاكل العربى. المطـــــــهــــو على الـــحــــطـــــب,1,8,2,3,Dar Gdodnah (Closed),دار جدودنا (مغلق)
2321728,1315538580,1477911709,2327,660,1560,0,,NULL,1,9,1,0,Abou Ramy,أبو رامى
2321729,1315726260,1420289620,2328,720,1560,0,,NULL,1,1,1,0,BIG G (Closed),بيج جى (مغلق)
2321730,1315987440,1478688439,2329,60,1560,0,,شاورما الريم تقدم لعشاق الشاورما أطعم وألذ شاورما في مصر,1,142,10,84,Shawerma El Reem,شاورما الريم
2321731,1316102700,1463735154,2330,660,1560,0,,NULL,1,2,1,0,Waffleicious (Closed),وافليشيوس (مغلق)
2321732,1316164260,1441709918,2331,720,1560,0,,NULL,1,1,1,0,Linguini Restaurant & Cafe (Closed),مطعم و كافيه لينجوينى (مغلق)
2321733,1316284620,1399887265,2332,60,1560,0,,NULL,1,0,1,0,Havana Juice (Closed),عصائر هافانا
2321734,1317277740,1383482580,2333,660,1560,0,,NULL,1,0,1,0,Deli Lite (Closed),ديلى لايت ( مغلق)
2321735,1318830780,1422979562,2334,660,1560,0,"Bringing you flavours and aromas from the charming streets of Italy to the ever-beating heart of Cairo, Pizza Mia will send your taste buds into a sumptuous experience.",,1,12,1,15,Pizza Mia (Closed),بيتزا ميا (مغلق)
2321736,1319264280,1471948960,2335,720,1560,0,,,1,8,3,60,Devour Cupcakes,ديفور كب كيكس
2321737,1319878440,1430744033,2336,60,1560,0,,NULL,1,0,1,0,Marakuja Restaurant & Cafe (Closed),مطعم و كافيه ماراكويا (مغلق)
2321738,1320474000,1478001425,2337,720,720,0,,NULL,1,9,1,2,Radwan,رضوان
2321739,1320731820,1394591520,2338,660,1560,0,,NULL,1,0,1,0,P75 (Closed),بى 75 ( مغلق)
2321740,1320821400,1478001556,2339,720,1560,0,,NULL,1,2,1,0,Miramar Restaurants,مطاعم ميرامار
2321741,1320847620,1379250600,2340,60,1560,0,,NULL,1,0,1,0,Ginger Kitchen Lounge (Closed),جنجر كيتشن لاونج ( مغلق)
2321742,1320985560,1479805476,2341,660,1560,0,,NULL,1,3,2,6,Canton,كانتون
2321743,1320986700,1479997087,2342,720,1560,0,,,1,24,5,18,ElDahan Grill,مشويات الدهان
2321744,1320987300,1459093454,2343,60,1560,0,,NULL,1,2,2,2,Pumpkin (Closed),بامكين  (مغلق)
2321745,1320987600,1457609922,2344,720,720,0,,NULL,1,1,1,7,Roma Way,روما واى
2321746,1320988260,1452889015,2345,660,1560,0,,NULL,1,0,1,0,Sandwichini (Closed),ساندويتشينى (مغلق)
2321747,1320988920,1478090203,2346,720,1560,0,,,1,20,7,75,Waffle Maker,وافل مايكر
2321748,1320990360,1394583420,2347,60,1560,0,,NULL,1,1,3,0,Sankawicht (Closed),سنكاوشت ( مغلق)
2321749,1321195740,1441882471,2348,660,1560,0,,NULL,1,2,1,3,Kebdet El Prince,كبدة البرنس
2321750,1321600140,1423149943,2349,660,1560,0,,NULL,1,0,2,0,Melange (Closed),ميلانج (مغلق)
2321751,1321606440,1471225998,2350,720,1560,0,,NULL,1,2,5,0,Shakra To Go,شقرة تو جو
2321752,1321615500,1478003656,2351,60,1560,0,,NULL,1,3,1,0,Tako Hut(Closed),تاكو هت(مغلق)
2321753,1321762200,1433434185,2352,660,1560,0,,NULL,1,0,1,0,The Terrace (Closed),ذا تراس (مغلق)
2321754,1321982820,1456310326,2353,720,1560,0,,NULL,1,0,1,0,Namaste (Closed),ناماستي (مغلق)
2321755,1322034180,1471946030,2354,60,1560,0,,NULL,1,0,1,0,Salimos,ساليموس
2321756,1322035680,1457353666,2355,720,720,0,,,1,4,1,2,Wel3a cafe(Closed),(مغلق )ولعة كافيه
2321757,1322040540,1476373913,2356,660,1620,0,,NULL,1,1,4,1,Del Vento,دل فنتو
2321758,1322040720,1399559631,2357,720,1620,0,,NULL,1,0,1,0,Lahma Joon (Closed),لحمة جون ( مغلق)
2321759,1322160120,1415010888,2358,60,1620,0,,NULL,1,0,1,0,Tandoori (Closed),تندورى (مغلق)
2321760,1322202960,1399559696,2359,720,1620,0,,NULL,1,0,1,0,Al Fokhar (Closed),الفخار ( مغلق)
2321761,1322203980,1422979090,2360,660,1620,0,,NULL,1,0,2,0,Pasto (Closed),باستو (مغلق)
2321762,1322205000,1459183142,2361,720,1620,0,,NULL,1,2,1,0,Pizza Queen( closed),بيتزا كوين (مغلق(
2321763,1322209320,1420548933,2362,60,1620,0,,NULL,1,0,1,3,I Chef (Closed),اي شيف (مفلق)
2321764,1322619540,1471945100,2363,660,1620,0,,NULL,1,5,2,26,Auntie Loulou,أنتى لولو
2321765,1322619720,1457599725,2364,660,1620,0,,NULL,1,0,1,0,Chocolate Zone( closed),شوكوليت زون(مغلق)
2321766,1322620200,1451297509,2365,720,1620,0,,NULL,1,1,1,0,Dan Juice (Closed),عصير دان (مغلق)
2321767,1322620560,1394583420,2366,60,1620,0,,NULL,0,0,1,0,Itsumi (Closed),ايتسومى ( مغلق)
2321768,1322620560,1430406885,2367,660,1620,0,,NULL,1,0,1,0,Le Tabasco (Closed),لو تاباسكو (مغلق)
2321769,1322654460,1458490441,2368,720,1620,0,,,1,7,1,39,Abdel Wahab (closed),عبد الوهاب)مغلق(
2321770,1322710800,1394583420,2369,60,1620,0,,NULL,1,0,1,0,El Shabrawy (Closed),الشبراوى ( مغلق)
2321771,1322710980,1476265864,2370,720,1620,0,,NULL,1,1,1,0,Jebel Lebnan,جبل لبنان
2321772,1322712540,1479384603,2371,600,1560,0,,ساندوتش مش عادى..لا الطعم ولا الحشو ولا التتبيله ولا الصوص عادى.الساندوتش يا عادى يا ولعتين.جرب بنفسك وأكتشف الطعم الرائع.,1,27,8,7,Welatain,ولعتين
2321773,1322888460,1457613314,2372,660,1560,0,,NULL,1,0,1,0,Chacho( closed),شاشو)مغلق)
2321774,1322889840,1385813880,2373,720,1560,0,,NULL,1,0,1,0,Simply waffles (Closed),سيمبلى وافلز ( مغلق)
2321775,1322985000,1458490518,2374,60,1560,0,,NULL,1,1,1,0,La Mamma (closed),لا ماما(مغلق(
2321776,1322991960,1457601928,2375,720,720,0,,NULL,1,0,1,0,Cova Restaurant( closed),مطعم كوفا(مغلق)
2321777,1323754260,1457602273,2376,660,1560,0,,NULL,1,0,1,0,Shat Shat( closed),شات شات(مغلق)
2321778,1323825900,1389480300,2377,720,1560,0,,NULL,1,0,1,0,Sultan Turkish Restaurant (Closed),مطعم سلطان التركى ( مغلق)
2321779,1323834120,1457602756,2378,60,1560,0,,NULL,3,1,1,0,Flow cafe(closed),كافيه فلو(مغلق)
2321780,1323883020,1382791860,2379,720,720,0,,NULL,2,1,1,0,Fresko Salads Bar (Closed),فرسكو سلاد بار ( مغلق)
2321781,1323883320,1423053709,2380,660,1560,0,,NULL,1,0,1,0,Schmooze(Closed),شموز (مغلق)
2321782,1323883500,1422291210,2381,720,1560,0,,NULL,1,0,1,0,Wen Chinese & Thai Restaurant (Closed),مطعم ون الصينى و التايلندى (مغلق)
2321783,1323883620,1396539180,2382,60,1560,0,,NULL,1,2,1,0,What's In (Closed),واتس ان
2321784,1325083200,1478427438,2383,660,1560,0,,NULL,1,3,1,0,Ahl cairo,أهل كايرو
2321785,1325086800,1443436594,2384,660,1560,0,,NULL,1,0,1,0,Rocky's restaurant (Closed),مطعم روكى (مغلق)
2321786,1327400640,1477337398,2385,720,1560,0,,,1,18,0,61,Grizzly Diner (Closed),جريزلى داينر
2321787,1327407360,1472025559,2386,60,1560,0,,NULL,1,0,1,0,Bahee Coffee,باهي كوفى
2321788,1327408320,1446067690,2387,720,720,0,,NULL,2,0,2,1,Taj Al Sultan (Closed),تاج السلطان (مغلق)
2321789,1327409100,1476176935,2388,660,1560,0,,,1,12,8,16,Carpaccio,كارباتشيو
2321790,1328856000,1480535274,2389,720,1560,0,The #1 Pasta in Dokki is now in Nasr City for the first time in the history!,,1,82,3,142,Pastaweesy,باستاويسي
2321791,1329308880,1367193120,2390,60,1560,0,,NULL,1,0,1,0,Fish Makan (Closed),فيش مكان ( مغلق)
2321792,1329326220,1441893990,2391,660,1560,0,,NULL,1,0,1,0,Bites Food Co. (Closed),بايتس فود كو (مغلق)
2321793,1330565340,1480430865,2392,720,1560,0,,NULL,1,34,2,36,Gringos Burrito Grill,جرينجوز بوريتو جريل
2321794,1330595280,1442181104,2393,60,1560,0,,NULL,1,1,1,0,Rocca (Closed),روكا (مغلق)
2321795,1330652280,1475505267,2394,660,1560,0,,,1,6,6,16,Fig Lounge,فيج لاونج
2321796,1330656060,1452675376,2395,720,1560,0,,NULL,1,0,2,1,Go Crepe (Closed),جو كريب (مغلق)
2321797,1330668060,1453048873,2396,60,1560,0,,NULL,1,0,1,0,Bent El Sultan (Closed),بنت السلطان (مغلق)
2321798,1330672560,1377699840,2397,660,1560,0,,NULL,1,0,1,0,Sultan Ayub (Closed),سلطان أيوب ( مغلق)
2321799,1330674720,1472643730,2398,660,1560,0,,NULL,1,0,1,1,Alex Top,أليكس توب
2321800,1330569600,1474375251,2399,720,1560,0,,NULL,1,3,1,0,Sahraan,سهران
2321801,1330574520,1377700020,2400,60,1560,0,,NULL,1,0,1,0,Steak Time (Closed),ستيك تايم ( مغلق)
2321802,1330578720,1445439117,2401,720,720,0,,NULL,1,2,1,1,Chophouse Bistro (Closed),تشوب هاوس بيسترو (مغلق)
2321803,1330584420,1478005532,2402,660,1560,0,,NULL,1,2,3,7,Saber,صابر
2321804,1330590060,1478518721,2403,720,1560,7,,,2,34,24,77,Costa Coffee,كوستا كوفى
2321805,1330599600,1420555749,2404,60,1560,0,,NULL,1,0,1,0,J'adore (Closed),جادور (مغلق)
2321806,1330654320,1479997183,2405,660,1560,0,,شركة المالكي هي احدي الشركات المصرية الخالصة 100% ‘ وتعد رائدة في مجال صناعة منتجات الالبان في قطاع الحلويات ومن ثم ترويجها من خلال منافذ البيع الخاصة بالشركة والمنتشرة في انحاء القاهرة والاسكندرية,1,20,22,9,El Malky,المالكى
2321807,1330663620,1380415920,2406,720,1560,0,,NULL,1,1,1,0,City Pizza (Closed),سيتى بيتزا ( مغلق)
2321808,1330676040,1478006064,2407,60,1560,0,,NULL,1,4,2,1,Ya Halla,يا هلا
2321809,1330687260,1477933193,2408,720,720,0,,"بكل فخر أفتتح أول مطعم للطازج فى مدينة مكه المكرمه عام 1989م, و الذى أسسه الشيخ/ عبد الرحمن فقيه صاحب أكبر مزارع للدواجن فى المملكه, حيث تعتبر مطاعم الطازج الوحيده على مستوى العالم الذى يقدم الدجاج طازج يوم بيوم طهى و من حيث طريقة تحضير و طبخ فروج الدجاج المشوى و الطازج, حيث يقدم فروع الطازج مشويا على الفحم بعد تتبيله بخلطه خاصه, مما يجعله لذيذ النكهه و متفوقا على أنواع الطعام الاخرى, مع العلم فأن جميع منتجاتنا من الدجاج هى من انتاج مزارع فقيه للدواجن ذات السمعه المرموقه منذ عشرات السنين, و ايضا مغذى بأجود أنواع الغذاء الطبيعى من حبوب الذره و فول الصويا بعيدا عن الهرمونات و العلف الحيوانى. ولهذا فأن جميع منتجاتنا هى صحيه و طازجه يوميا, ولاننا لا نقدم الا الطازج فمن الطبيعى أن يكون اسمنا "" الطازج"" وشعارنا "" لا طازج الا الطازج"".",1,12,7,1,Al Tazaj,الطازج
2321810,1330918740,1422290506,2409,660,1560,0,,NULL,1,3,5,17,Quick Sandwiches (Closed),كويك ساندويتش (مغلق)
2321811,1331006340,1351371180,2410,720,1560,0,,NULL,1,1,1,0,Mado's Big Bite (Closed),مادوز بيج بايت ( مغلق)
2321812,1331087760,1479107932,2411,60,1560,0,,,2,33,1,161,Left Bank,ليفت بانك
2321813,1331172900,1419254270,2412,660,1560,5,"Get back to basics with good old fashioned, hearty and wholesome Egyptian food. From kibda (our specialty!) and succulent sausages to fresh fatta and a mouthwatering macaroni, Asli is all about authentic dishes delivered straight to your door.",,1,4,1,1,Asli (Closed),أصلى (مفلق)
2321814,1331263980,1414254069,2413,660,1560,0,,NULL,1,0,1,0,Sheraz (Closed),شيراز (مغلق(
2321815,1331528640,1429481531,2414,720,1560,0,,NULL,1,1,1,0,La Boutique (Closed),لا بوتيك )(مغلق)
2321816,1331532420,1480457584,2415,60,1560,0,,,1,10,1,21,Saladero,سلاديرو
2321817,1331539380,1454842726,2416,660,1560,0,,NULL,1,1,1,3,Sugar Rush (Closed),شوجر راش (مغلق)
2321818,1331543100,1386090360,2417,720,1560,0,,NULL,1,0,1,0,Tawagen Al Mahrosa (Closed),طواجن المحروسة ( مغلق)
2321819,1331694300,1429481551,2418,60,1560,0,,NULL,1,1,1,0,Rashid Pearl (Closed),راشيد بيرل (مغلق)
2321820,1331698140,1478007147,2419,720,720,0,,NULL,1,6,4,0,Al Araby Touristic Restaurant,مطعم العربى السياحي
2321821,1331709840,1429481564,2420,660,1620,0,,NULL,1,0,1,0,Waffle Bees (Closed),وافل بيز (مغلق)
2321822,1331715360,1358695620,2421,720,1620,0,,NULL,0,1,1,0,A Bite To Go (Closed),أبايت تو جو ( مغلق)
2321823,1331784600,1479122811,2422,60,1620,0,,NULL,1,24,1,0,Taza,طازة
2321824,1331792580,1477911802,2423,720,1620,0,,NULL,1,3,1,0,Abou Ghally,أبو غالى
2321825,1331798340,1477474555,2424,660,1620,0,,NULL,1,3,1,2,Magrashi for Saudi and Khaleeji Food,مجراشى للاكل السعودي و الخليجي
2321826,1331888340,1479024780,2425,720,1620,0,,,1,13,5,5,Mossab,مصعب
2321827,1332130560,1480238323,2426,60,1620,0,,تعتبر مطاعم ماجيستى ( تبيستى سابقا) هى الرائده فى مجال تقديم اشهى انواع الفطائر سواء كانت ( فطائر حادقه / فطائر حلوه).كما انها تقدم جميع انواع البيتزا الايطاليه الشهيه والمعجنات المختلفه وافضل وجبات القسم السورى التى تتناسب مع جميع الاذواق والتى تتضمن ( السندوتشات / الوجبات / الاطباق ....).,1,39,6,21,Majesty,ماجيستى
2321828,1332145860,1475144934,2427,660,1620,0,,NULL,1,2,1,0,Creperie Des Arts,كريبرى دى أرتس
2321829,1332219240,1358068620,2428,660,1620,0,,NULL,0,0,1,0,El Dahan Grill and Oriental Restaurant (Closed),مطعم الدهان للمشويات و الاكل الشرقي  ( مغلق)
2321830,1332224820,1478876975,2429,720,1620,0,,NULL,1,26,8,13,Koshary El Tahrir,كشرى التحرير
2321831,1332230460,1472725947,2430,60,1620,0,,NULL,1,4,2,0,Chicken Safeer,تشيكن سفير
2321832,1332233940,1426510125,2431,660,1620,0,,NULL,1,0,1,0,Al Shahror (Closed),الشحرور (مغلق)
2321833,1332295020,1478011572,2432,720,1620,0,,يتوفر لدينا تورت الايس كريم والكيكات والمشروبات منذ 1999,1,8,5,14,Cakes House,كيكس هاوس
2321834,1332299760,1475066927,2433,60,1620,0,,,1,19,2,7,Ya Mal El Sham,يامال الشام
2321835,1332319140,1479023051,2434,720,1620,0,,NULL,1,17,1,3,Hosny,حسنى
2321836,1332323040,1477921400,2435,600,1560,0,,,1,7,1,3,7 Days Pizza,سفن دايز بيتزا
2321837,1332324780,1480765786,2436,660,1560,0,,NULL,1,17,3,2,Farahat,فرحات
2321838,1332482400,1443437440,2437,720,1560,0,,NULL,1,0,1,0,On Time Lounge (Closed),أون تايم لاونج (مغلق)
2321839,1332494280,1479287459,2438,60,1560,0,,,1,16,4,33,Wafflicious,وافليشيوس
2321840,1332732120,1447541712,2439,720,720,0,"The first real doner kebab in Cairo, Adam's has made a name for itself, carving out delicious meals daily, focusing on prime ingredients and easy ordering",,1,5,1,9,Adam's Doner and Grill (Closed),أدامز دونر اند جريل (مغلق)
2321841,1332908220,1471437215,2440,660,1560,0,,NULL,1,0,2,0,Kafficho Coffee,كافيشو كوفى
2321842,1332919800,1477383633,2441,720,1560,0,,,1,22,8,30,The Coffee Bean and Tea Leaf,ذا كوفى بين اند تى ليف
2321843,1332994260,1457621875,2442,60,1560,0,,NULL,1,0,1,3,Romantico Cafe( closed),كافيه رومانتيكو(مغلق(
2321844,1333003440,1478507598,2443,720,720,0,,,2,6,1,33,Zeitouna Lebanese Bistro,زيتونة بيسترو لبناني
2321845,1333524600,1477820316,2444,660,1560,0,,NULL,1,5,1,4,Zizo Sandwiches,زيزو ساندويتش
2321846,1333685460,1474288452,2445,720,1560,0,,,2,16,3,29,Dixie Cream Donuts,ديكسى كريم دونتس
2321847,1333731120,1399394640,2446,60,1560,0,,NULL,2,0,1,0,Chop Chop (Closed),تشوب تشوب ( مغلق)
2321848,1333738860,1399394580,2447,660,1560,0,,NULL,2,0,1,0,Asha's (Closed),أشاز ( مغلق)
2321849,1333843200,1419436454,2448,660,1560,0,,NULL,0,0,1,0,Abou Aly,أبو على
2321850,1333843200,1478075632,2449,720,1560,0,,NULL,1,20,3,3,Abu Mazen,أبو مازن
2321851,1333843200,1338707640,2450,60,1560,0,,NULL,0,0,1,0,Koshary Afandina,كشرى أفندينا
2321852,1333843200,1391619660,2451,720,720,0,,NULL,0,0,1,0,Africano (Closed),أفريكانو ( مغلق)
2321853,1333843200,1379688000,2452,660,1560,0,,NULL,0,0,1,0,Almaz (Closed),ألمظ ( مغلق)
2321854,1333843200,1333843200,2453,720,1560,0,,NULL,1,0,1,0,Arous El Bahr,عروس البحر
2321855,1333843200,1350013680,2454,60,1560,0,,NULL,0,0,1,0,Bayt Beirut Restaurant,مطعم بيت بيروت
2321856,1333843200,1476025734,2455,660,1560,0,,NULL,1,13,1,2,Bua Khao,بو كاو
2321857,1333843200,1333843200,2456,720,1560,0,,NULL,0,0,1,0,Christo,كريستو
2321858,1333843200,1475663444,2457,60,1560,0,,NULL,1,2,1,0,Felfela Alaa El Din Express,مطعم فلفلة علاء الدين اكسبريس
2321859,1333843200,1480765577,2458,660,1560,0,,NULL,1,3,1,2,Kababgy Farahat,كبابجى فرحات
2321860,1333843200,1477559942,2459,720,1560,0,,NULL,1,0,1,0,Nubian Village,القربة النوبية
2321861,1333843200,1333843200,2460,60,1560,0,,NULL,0,0,1,0,Orangerie,أورانجرى
2321862,1333843200,1338709200,2461,660,1560,0,,NULL,0,0,1,0,Orchid (Closed),أوركيد ( مغلق)
2321863,1333843200,1348916940,2462,660,1560,0,,NULL,0,0,1,0,@ Bar (Closed),ات بار ( مغلق)
2321864,1333843200,1477383610,2463,720,1560,0,,NULL,0,0,1,0,1122 Cafe,كافيه 1122
2321865,1333843200,1423054864,2464,60,1560,0,,NULL,0,0,1,0,147 Soho (Closed),147 سوهو (مغلق)
2321866,1333843200,1333843200,2465,720,720,0,,NULL,0,0,1,0,25 Cafe,25 كافيه
2321867,1333843200,1333843200,2466,660,1560,0,,NULL,0,0,1,0,25 January Cafe,25 يناير كافيه
2321868,1333843200,1475417675,2467,720,1560,0,,NULL,1,5,3,1,3 Stars,3 ستارز
2321869,1333843200,1403907763,2468,60,1560,0,,NULL,0,0,1,0,35 Restaurant & Lounge Bar (Closed),مطعم و لاونج بار 35 ( مغلق)
2321870,1333843200,1460997293,2469,660,1560,0,,NULL,1,0,1,0,360 Revolving Restaurant( renovation),مطعم 360 ريفولفينج (صيانة)
2321871,1333843200,1472562373,2470,720,1560,0,,NULL,0,1,1,0,The 51 Bar,ذا 51 بار
2321872,1333843200,1338640560,2471,60,1560,0,,NULL,0,0,1,0,Smoky Restaurant,مطعم سموكي
2321873,1333843200,1457949420,2472,720,720,0,,NULL,1,2,1,0,Aam Gambary( closed),عم جمبرى)مغلق(
2321874,1333843200,1479026686,2473,660,1560,0,,,1,8,11,53,Abdel Rahim Koueider,عبد الرحيم قويدر
2321875,1333843200,1479114147,2474,720,1560,0,,شاورمة أبو مازن السورية الأصلى - أصل الشاورمة,1,21,6,9,Abo Mazen El Soury,أبو مازن السورى
2321876,1333843200,1333843200,2475,60,1560,0,,NULL,0,0,1,0,Abou Aly,أبو على
2321877,1333843200,1343465700,2476,660,1560,0,,NULL,0,0,1,0,Abou Aly Restaurant (Closed),مطعم أبو على ( مغلق)
2321878,1333843200,1457951546,2477,660,1560,0,,NULL,0,0,1,0,Abou Ashraf International Fish(closed),اسماك ابو اشرف العالمية)مغلق(
2321879,1333843200,1333843200,2478,720,1560,0,,NULL,0,0,1,0,Abou El Fatayer,أبو الفطائر
2321880,1333843200,1479282966,2479,60,1560,0,,NULL,1,6,2,1,Abou Khaled Restaurant,مطعم أبو خالد
2321881,1333843200,1422290995,2480,660,1560,0,,NULL,1,0,1,0,Abou Obaida El Damashqey (Closed),أبو عبيدة الدمشقى (مغلق)
2321882,1333843200,1477923118,2481,720,1560,0,,NULL,1,0,1,0,Abou Omar,أبو عمر
2321883,1333843200,1480335452,2482,60,1560,0,,NULL,1,7,2,0,Abou Ramez El Souri,أبو رامز السورى
2321884,1333843200,1388253840,2483,720,720,0,,NULL,1,0,1,0,Abou Taha,أبو طه
2321885,1333843200,1477899954,2484,660,1620,0,,NULL,1,2,2,0,Abou Taha Oriental,أبو طه أورينتال
2321886,1333843200,1480844219,2485,720,1620,0,,اي شعب في العالم عنده اكلة شعبية ياكلها الناس بشكل دائم و تعتبر الاكلة رقم واحد من حيث استهلاك هذا الشعب لها ، أما بالنسبة لمصر فهناك الاكلة الشعبية رقم واحد و التي لايمكن لاي مصري الاستغناء عنها و ذلك لمذاقها اللذيذ الرائع و لرخص ثمنها ن الا و هي طبق الكشري و ما دمنا تكلمنا عن طبق الكشري فلا بد ان نتكلم عن المحل رقم واحد في تقديم طبق الكشري على مستوى مصر بل و العالم اجمع أذ يعتبر من اشهر و اكبر مطعم للكشري في مصر من حيث الخدمة المميزة و النظافة و الديكور و الاسعار المتواضعة. هناك رموز معينة في مصر لا بد للسائح من زيارتها كالاهرامات مثلا و اماكن ترفيهية و مطاعم معينة. و لقد عملت تقارير اخباريه عن كشري ابو طارق لكبري المحطات الاخبارية مثل سي ان ان و الجزيرة و العربية و دبي و ام .بي .سي و محطات اخرى و قد ذكر في اكثر من مناسبة في بعض الافلام المصرية كونها معروفة للجميع,1,9,2,7,Abou Tarek,أبو طارق
2321887,1333843200,1459422046,2486,60,1620,0,,NULL,1,0,1,0,Abou Zareefa Restaurant,أبو ظريفة
2321888,1333843200,1480592021,2487,720,1620,0,,NULL,1,0,1,0,Abou Youssef(closed),أبو يوسف (مغلق)
2321889,1333843200,1470389618,2488,660,1620,0,,NULL,1,0,1,0,Abou El Enien,أبو العينين
2321890,1333843200,1477912525,2489,720,1620,0,,NULL,1,0,1,0,Afandina,أفندينا
2321891,1333843200,1477560823,2490,60,1620,0,,NULL,0,0,1,0,Afandina Corner,ركن أفندينا
2321892,1333843200,1457624033,2491,660,1620,0,,NULL,1,3,1,0,Afandina,أفندينا
2321893,1333843200,1333843200,2492,660,1620,0,,NULL,0,0,1,0,Africano,أفريكانو
2321894,1333843200,1457623391,2493,720,1620,0,,NULL,0,0,1,0,Ahlaien Restaurant,مطعم اهلين
2321895,1333843200,1479118485,2494,60,1620,0,,,1,0,1,15,Ahlein Restaurant,مطعم اهلين
2321896,1333843200,1473080043,2495,660,1620,0,,NULL,1,5,1,9,Ahlein,أهلين
2321897,1333843200,1338712260,2496,720,1620,0,,NULL,0,0,1,0,Akemi Sushi,أكيمى سوشي
2321898,1333843200,1479383027,2497,60,1620,0,,NULL,1,6,5,2,Akher Saa,اخر ساعة
2321899,1333843200,1333843200,2498,720,1620,0,,NULL,0,0,2,0,Al Americaine,الأمريكان
2321900,1333843200,1471823098,2499,600,1560,0,,NULL,1,8,1,4,Al Baik,البيك
2321901,1333843200,1447837915,2500,660,1560,0,,NULL,1,0,1,0,Al Bustan Grill (Closed),البستان جريل (مغلق)
2321902,1333843200,1476106889,2501,720,1560,0,,NULL,1,1,1,0,Al Dabke,الدبكة
2321903,1333843200,1333843200,2502,60,1560,0,,NULL,0,0,1,0,Al Dessouki,الدسوقى
2321904,1333843200,1391726220,2503,720,720,0,,NULL,0,0,1,0,Al Fresco (Closed),الفريسكو ( مغلق)
2321905,1333843200,1457952316,2504,660,1560,0,,NULL,0,7,1,8,Kabab El Refaey,كباب الرفاعى
2321906,1333843200,1333843200,2505,720,1560,0,,NULL,0,0,1,0,Al Shamiat Al Siuria Restaurant,مطعم الشاميات السورية
2321907,1333843200,1458490569,2506,60,1560,0,,NULL,1,0,1,0,El Sheraa (closed),الشراع ) مغلق(
2321908,1333843200,1457953152,2507,720,720,0,,NULL,0,0,1,0,Al Sokarya,السكرية
2321909,1333843200,1333843200,2508,660,1560,0,,NULL,0,0,1,0,Al Tazag Fish,اسماك الطازج
2321910,1333843200,1343470980,2509,720,1560,0,,NULL,0,0,1,0,Alabaster Bar (Closed),ألاباستر بار ( مغلق)
2321911,1333843200,1333843200,2510,60,1560,0,,NULL,0,0,1,0,Alam El Behar Fish,اسماك عالم البحار
2321912,1333843200,1339059660,2511,660,1560,0,,NULL,0,0,1,0,Alamo's Cafe,ألاموز كافيه
2321913,1333843200,1430743976,2512,660,1560,0,,NULL,1,0,1,0,Pizza Alex (Closed),بيتزا أليكس (مغلق)
2321914,1333843200,1477993175,2513,720,1560,0,,NULL,1,6,3,1,Alex One,أليكس وان
2321915,1333843200,1459419838,2514,60,1560,0,,NULL,1,1,1,0,Alfy Bey,ألفى بك
2321916,1333843200,1477562512,2515,720,720,0,,NULL,1,0,1,0,Alfredo,ألفريدو
2321917,1333843200,1391727660,2516,660,1560,0,,NULL,0,0,1,0,Alfredo Cafe (Closed),ألفريدو كافيه ( مغلق)
2321918,1333843200,1474283530,2517,720,1560,0,,NULL,1,0,1,0,Ali Baba Cafe,على بابا كافيه
2321919,1333843200,1343473620,2518,60,1560,0,,NULL,0,0,1,0,Alle Botti,ألى بوتي
2321920,1333843200,1472562945,2519,660,1560,0,,NULL,0,0,1,0,Almaz,ألمظ
2321921,1333843200,1420548545,2520,720,1560,0,,NULL,1,0,1,0,Altissimo (Closed),ألتيسيمو (مغلق)
2321922,1333843200,1471947916,2521,60,1560,0,,NULL,1,2,1,0,Amanda,أماندا
2321923,1333843200,1477564781,2522,660,1560,0,,NULL,1,0,1,3,Ambassador Club,أمباسادور كلوب
2321924,1333843200,1430743645,2523,720,1560,0,,NULL,1,0,1,0,Amelia's Kitchen (Closed),أيميلياز كيتشن (مغلق)
2321925,1333843200,1469455970,2524,60,1560,0,,NULL,1,0,2,0,Amici (Closed),أميشي (مغلق)
2321926,1333843200,1477992947,2525,660,1560,0,,NULL,1,8,3,2,Amo Hosny,عمو حسنى
2321927,1333843200,1478597018,2526,660,1560,0,,NULL,1,43,7,10,Antar El Kababgy,عنتر الكبابجى
2321928,1333843200,1479374214,2527,720,1560,0,,NULL,1,1,1,3,Aperitivo,أبريتيفو
2321929,1333843200,1476101711,2528,60,1560,0,,NULL,1,0,1,0,Aqua E Luce,أكوا اي لوتشي
2321930,1333843200,1391730660,2529,720,720,0,,NULL,0,0,1,0,Arabesque (Closed),أرابيسك
2321931,1333843200,1333843200,2530,660,1560,0,,NULL,0,0,1,0,Arabica Restaurant,مطعم أرابيكا
2321932,1333843200,1414928374,2531,720,1560,0,,NULL,0,0,1,0,Arirang,أريرانج
2321933,1333843200,1475145998,2532,60,1560,0,,NULL,2,9,2,5,Armando Restaurant & Cafe,مطعم و كافيه أرماندو
2321934,1333843200,1333843200,2533,660,1560,0,,NULL,0,0,1,0,Aroma Cafe,أروما كافيه
2321935,1333843200,1475069673,2534,720,1560,0,,NULL,1,3,3,48,Aroma Lounge,أروما لاونج
2321936,1333843200,1469629822,2535,60,1560,0,,NULL,1,0,1,0,Aroset El Bahr,عروسة البحر
2321937,1333843200,1475419738,2536,720,720,0,,NULL,1,16,4,9,Arous El Bahr (Mermaid),عروس البحر
2321938,1333843200,1473082613,2537,660,1560,0,,NULL,0,0,1,0,Asia Bar,اشيا بار
2321939,1333843200,1476362588,2538,720,1560,0,,NULL,0,0,1,0,Asia Boutique,اشيا بوتيك
2321940,1333843200,1380203280,2539,60,1560,0,,NULL,0,0,1,0,Asia House (Closed),البيت الاسيوي (مغلق)
2321941,1333843200,1333843200,2540,660,1560,0,,NULL,1,0,1,0,Asmak Restaurant,مطعم اسماك
2321942,1333843200,1333843200,2541,660,1560,0,,NULL,0,0,1,0,Atef B.B.Q,مشويات عاطف
2321943,1333843200,1476021616,2542,720,1560,0,,NULL,1,0,1,0,Atrium,اتريوم
2321944,1333843200,1408525073,2543,60,1560,0,,NULL,0,0,1,0,Au Petit Bistro (Closed),أو بتيت بيسترو (مغلق)
2321945,1333843200,1474445329,2544,660,1560,0,,NULL,1,1,1,2,Aura,أورا
2321946,1333843200,1471792989,2545,720,1560,0,,NULL,1,1,1,8,Automarket,أوتو ماركت
2321947,1333843200,1333843200,2546,60,1560,0,,NULL,0,0,1,0,Azure,أزوري
2321948,1333843200,1333843200,2547,720,720,0,,NULL,0,0,1,0,Azza Ice Cream,ايس كريم عزة
2321949,1333843200,1333843200,2548,660,1620,0,,NULL,0,0,1,0,Azzura Cafe & Restaurant,مطعم و كافيه أزورا
2321950,1333843200,1476181592,2549,720,1620,0,,NULL,0,0,1,0,Baalbak,بعلبك
2321951,1333843200,1473318266,2550,60,1620,0,,NULL,1,4,2,10,Baba Abdou Italiano,بابا عبده ايطاليانو
